"id","message","createdat","source_id","post_id","updatedate"
"25","beautiful pictureğŸ¦·","2022-06-28 12:32:13.073","WqbO4KOxhmMStFwgFqdhmteLRiy2","96",
"26","#bestfriendsğŸ’‹","2022-06-29 13:04:46.182","WqbO4KOxhmMStFwgFqdhmteLRiy2","96",
"27","#ugogirlsğŸ‘©ğŸ»â€ğŸ¦°","2022-06-29 13:34:57.245","WqbO4KOxhmMStFwgFqdhmteLRiy2","97",
"28","selena-kareena ... beautiful scene","2022-07-09 21:50:44.734","efUOXcHslRMLghN1YA3I2YzYYfn1","98",
"29","selena-kareena .... beautiful hairsğŸ’‡ğŸ¼â€â™€ï¸","2022-07-09 21:51:40.819","efUOXcHslRMLghN1YA3I2YzYYfn1","99",
"30","alia-selena : parachute sceneâ£ï¸","2022-07-09 21:57:01.841","WqbO4KOxhmMStFwgFqdhmteLRiy2","98",
"31","alia-selena: blond hairsğŸ¤¯","2022-07-09 21:57:44.612","WqbO4KOxhmMStFwgFqdhmteLRiy2","99",
"32","ariana-selena: blonde hair","2022-07-10 12:52:42.263","sANpl04J0mTEHWwJWCEXpcJjs5I3","99",
"33","demi-alia:hair goalsğŸ˜»","2022-07-10 12:58:13.452","PhmRbS4fQ6PvH7eTGA7anY2BCpi2","101",
"34","friends gossip sectionğŸ™†ğŸ»â€â™€ï¸","2022-07-10 12:58:43.05","PhmRbS4fQ6PvH7eTGA7anY2BCpi2","103",
"35","new york cityğŸ§","2022-07-10 12:59:00.743","PhmRbS4fQ6PvH7eTGA7anY2BCpi2","104",
"36","america flagğŸ‡°ğŸ‡¾","2022-07-10 12:59:46.553","PhmRbS4fQ6PvH7eTGA7anY2BCpi2","119",
"37","beach beautiful sceneğŸ‡§ğŸ‡´","2022-07-15 10:31:57.698","WqbO4KOxhmMStFwgFqdhmteLRiy2","52",
"38","day dreaming ğŸ˜´ ","2022-07-15 10:32:34.284","WqbO4KOxhmMStFwgFqdhmteLRiy2","100",
"39","nice outfitğŸ¤¨","2022-07-15 10:38:55.916","sANpl04J0mTEHWwJWCEXpcJjs5I3","50",
"40","outfit goalsğŸ˜‡","2022-07-15 10:39:25.407","sANpl04J0mTEHWwJWCEXpcJjs5I3","100",
"41","blonde hairstyle ğŸ’‡â€â™€ï¸ ","2022-07-15 10:41:02.067","9lUHo7oypvNWN83KGwJ33WTHdKW2","100",
"42","ğŸª‚ parachute ","2022-07-15 10:41:24.514","9lUHo7oypvNWN83KGwJ33WTHdKW2","52",
"43","again commented","2022-07-16 16:37:41.498","9lUHo7oypvNWN83KGwJ33WTHdKW2","100",
